text,pred
"anticipatory anxiety (often present for weeks); physical symptoms in social settings (blushing, sweating, tremor); panic-like symptoms during exposure (worse in the morning); severity: mild",Social Anxiety Disorder
hypervigilance (often present for weeks); persistent negative beliefs about self or world (interferes with work/school); irritability or angry outbursts (worse in the morning),Post-Traumatic Stress Disorder (PTSD)
fatigue or loss of energy (worse in the morning); loss of interest or pleasure in activities (occurs most days); recurrent thoughts of death or suicidal ideation; insomnia or hypersomnia (interferes with work/school); persistent low mood (worse in the morning); significant weight/appetite change; psychomotor agitation or retardation (interferes with work/school),Major Depressive Disorder
cravings; compulsive drug or alcohol use despite harm (often present for weeks); neglected responsibilities; risky behaviors (interferes with work/school); tolerance and withdrawal (occurs most days),Substance Use Disorder
"fear of being judged or embarrassed (occurs most days); avoidance of social interactions (worse in the morning); physical symptoms in social settings (blushing, sweating, tremor) (often present for weeks); avoidant behavior (occurs most days); self-consciousness; difficulty speaking in public (often present for weeks)",Social Anxiety Disorder
loss of control (occurs most days); risky behaviors (often present for weeks); time-consuming substance use (often present for weeks); cravings (worse in the morning),Substance Use Disorder
shortness of breath or palpitations (often present for weeks); somatic complaints like headaches or stomach aches (interferes with work/school); restlessness or feeling keyed up (worse in the morning); irritability; excessive worry about everyday matters (interferes with work/school); sleep disturbance (difficulty falling/staying asleep) (interferes with work/school); difficulty controlling the worry (worse in the morning),Generalized Anxiety Disorder
impaired concentration; difficulty maintaining sleep (occurs most days); daytime fatigue or sleepiness (worse in the morning); non-restorative sleep (often present for weeks); reduced daytime functioning (worse in the morning); irritability,Insomnia Disorder
difficulty initiating sleep (often present for weeks); impaired concentration; worry about sleep (often present for weeks); sleep-related rituals or behaviors (worse in the morning); irritability; early morning awakening; daytime fatigue or sleepiness (interferes with work/school),Insomnia Disorder
irritability (occurs most days); difficulty concentrating or mind going blank (interferes with work/school); shortness of breath or palpitations (worse in the morning); sleep disturbance (difficulty falling/staying asleep) (interferes with work/school); being easily fatigued; somatic complaints like headaches or stomach aches (often present for weeks),Generalized Anxiety Disorder
excessive worry about everyday matters; difficulty concentrating or mind going blank (occurs most days); restlessness or feeling keyed up,Generalized Anxiety Disorder
worry about sleep (often present for weeks); non-restorative sleep; sleep-related rituals or behaviors; irritability (interferes with work/school); reduced daytime functioning (occurs most days),Insomnia Disorder
fatigue or loss of energy (worse in the morning); loss of interest or pleasure in activities (interferes with work/school); insomnia or hypersomnia (often present for weeks); recurrent thoughts of death or suicidal ideation (interferes with work/school); feelings of worthlessness or excessive guilt (often present for weeks),Major Depressive Disorder
compulsive drug or alcohol use despite harm (often present for weeks); unsuccessful attempts to cut down (interferes with work/school); time-consuming substance use (interferes with work/school); loss of control (interferes with work/school); cravings (often present for weeks),Substance Use Disorder
"compensatory behaviors (occurs most days); obsessive calorie counting (often present for weeks); secretive eating; binge-eating episodes (worse in the morning); physical signs (electrolyte imbalance, dental erosion) (worse in the morning); severity: severe",Eating Disorder (Anorexia/Bulimia/BED)
Adult - difficulty initiating sleep; reduced daytime functioning (worse in the morning); difficulty maintaining sleep; irritability (often present for weeks); worry about sleep (interferes with work/school),Insomnia Disorder
rapid speech (occurs most days); excessive involvement in risky activities (often present for weeks); inflated self-esteem or grandiosity (occurs most days); increased energy or activity (interferes with work/school); distractibility (often present for weeks),Bipolar Disorder
irritability (worse in the morning); loss of interest or pleasure in activities (occurs most days); recurrent thoughts of death or suicidal ideation (often present for weeks); psychomotor agitation or retardation (occurs most days); diminished ability to think or concentrate,Major Depressive Disorder
panic-like symptoms during exposure; marked fear or anxiety about social situations; anticipatory anxiety (worse in the morning); difficulty speaking in public (often present for weeks); avoidant behavior (occurs most days); fear of being judged or embarrassed (occurs most days); avoidance of social interactions (worse in the morning),Social Anxiety Disorder
"re-experiencing traumatic event (flashbacks, intrusive memories) (occurs most days); avoidance of reminders; irritability or angry outbursts; difficulty concentrating (occurs most days)",Post-Traumatic Stress Disorder (PTSD)
increased energy or activity (occurs most days); decreased need for sleep (worse in the morning); periods of elevated or irritable mood (worse in the morning),Bipolar Disorder
social or interpersonal problems (worse in the morning); neglected responsibilities (interferes with work/school); unsuccessful attempts to cut down (worse in the morning); time-consuming substance use (often present for weeks); compulsive drug or alcohol use despite harm (often present for weeks); tolerance and withdrawal (often present for weeks),Substance Use Disorder
"distorted body image; preoccupation with weight/shape (interferes with work/school); purging behaviours (vomiting, laxative use); compensatory behaviors (interferes with work/school); rapid weight loss or fluctuation (often present for weeks)",Eating Disorder (Anorexia/Bulimia/BED)
difficulty concentrating or mind going blank (occurs most days); irritability; sleep disturbance (difficulty falling/staying asleep) (occurs most days),Generalized Anxiety Disorder
muscle tension; being easily fatigued; difficulty controlling the worry (worse in the morning),Generalized Anxiety Disorder
insomnia or hypersomnia (worse in the morning); psychomotor agitation or retardation (worse in the morning); persistent low mood (often present for weeks); fatigue or loss of energy (occurs most days); irritability (interferes with work/school); diminished ability to think or concentrate,Major Depressive Disorder
irritability (interferes with work/school); muscle tension (often present for weeks); being easily fatigued (worse in the morning); restlessness or feeling keyed up (worse in the morning); difficulty concentrating or mind going blank (occurs most days),Generalized Anxiety Disorder
social or interpersonal problems (often present for weeks); loss of control (worse in the morning); unsuccessful attempts to cut down (interferes with work/school); neglected responsibilities (often present for weeks); time-consuming substance use,Substance Use Disorder
daytime fatigue or sleepiness; non-restorative sleep; reduced daytime functioning (often present for weeks); difficulty maintaining sleep (interferes with work/school),Insomnia Disorder
difficulty following instructions; forgetfulness; poor organizational skills (interferes with work/school); impulsivity (often present for weeks),Attention Deficit Hyperactivity Disorder (ADHD)
early morning awakening (interferes with work/school); worry about sleep (worse in the morning); impaired concentration (worse in the morning); irritability (interferes with work/school),Insomnia Disorder
"hyperactivity (fidgeting, restlessness) (interferes with work/school); difficulty waiting turn; academic or occupational impairment (occurs most days); impulsivity (often present for weeks); distractibility (occurs most days); poor organizational skills (occurs most days)",Attention Deficit Hyperactivity Disorder (ADHD)
"distractibility (interferes with work/school); difficulty following instructions; difficulty waiting turn (often present for weeks); poor organizational skills (interferes with work/school); hyperactivity (fidgeting, restlessness) (interferes with work/school); forgetfulness (worse in the morning); severity: moderate",Attention Deficit Hyperactivity Disorder (ADHD)
irritability (interferes with work/school); shortness of breath or palpitations (interferes with work/school); difficulty concentrating or mind going blank; somatic complaints like headaches or stomach aches (interferes with work/school); restlessness or feeling keyed up (occurs most days); being easily fatigued (interferes with work/school),Generalized Anxiety Disorder
difficulty initiating sleep (often present for weeks); difficulty maintaining sleep; irritability (occurs most days); reduced daytime functioning (interferes with work/school); non-restorative sleep (occurs most days),Insomnia Disorder
"hyperactivity (fidgeting, restlessness); distractibility (occurs most days); academic or occupational impairment (often present for weeks); inattention (difficulty sustaining attention); impulsivity; frequent interruptions",Attention Deficit Hyperactivity Disorder (ADHD)
chest pain or discomfort (worse in the morning); dizziness or lightheadedness; sudden intense fear or discomfort (often present for weeks); tingling or numbness (occurs most days),Panic Disorder
difficulty concentrating or mind going blank (worse in the morning); restlessness or feeling keyed up; difficulty controlling the worry (occurs most days); excessive worry about everyday matters (worse in the morning); sleep disturbance (difficulty falling/staying asleep) (interferes with work/school); being easily fatigued (occurs most days); irritability,Generalized Anxiety Disorder
worry about sleep (worse in the morning); early morning awakening (occurs most days); irritability (worse in the morning); difficulty maintaining sleep (worse in the morning); impaired concentration (interferes with work/school),Insomnia Disorder
loss of control (worse in the morning); neglected responsibilities (worse in the morning); time-consuming substance use (interferes with work/school),Substance Use Disorder
time-consuming substance use (often present for weeks); continued use despite physical or psychological problems; compulsive drug or alcohol use despite harm (often present for weeks); unsuccessful attempts to cut down (interferes with work/school),Substance Use Disorder
avoidance of reminders (occurs most days); exaggerated startle response (worse in the morning); hypervigilance (occurs most days); difficulty concentrating (interferes with work/school); sleep disturbance (worse in the morning); emotional numbness (worse in the morning),Post-Traumatic Stress Disorder (PTSD)
restlessness or feeling keyed up (worse in the morning); difficulty concentrating or mind going blank (often present for weeks); sleep disturbance (difficulty falling/staying asleep) (often present for weeks); excessive worry about everyday matters (often present for weeks),Generalized Anxiety Disorder
difficulty concentrating or mind going blank (often present for weeks); muscle tension (occurs most days); difficulty controlling the worry; being easily fatigued (worse in the morning),Generalized Anxiety Disorder
diminished ability to think or concentrate (interferes with work/school); loss of interest or pleasure in activities (interferes with work/school); persistent low mood (occurs most days); psychomotor agitation or retardation (often present for weeks); significant weight/appetite change; insomnia or hypersomnia (occurs most days),Major Depressive Disorder
"frequent interruptions; hyperactivity (fidgeting, restlessness) (worse in the morning); distractibility (interferes with work/school); academic or occupational impairment (worse in the morning)",Attention Deficit Hyperactivity Disorder (ADHD)
continued use despite physical or psychological problems; compulsive drug or alcohol use despite harm (often present for weeks); cravings (often present for weeks); risky behaviors (often present for weeks); loss of control (worse in the morning); social or interpersonal problems; tolerance and withdrawal (often present for weeks),Substance Use Disorder
psychomotor agitation or retardation (often present for weeks); diminished ability to think or concentrate (occurs most days); loss of interest or pleasure in activities (worse in the morning); fatigue or loss of energy (often present for weeks),Major Depressive Disorder
psychomotor agitation or retardation; irritability (interferes with work/school); diminished ability to think or concentrate (occurs most days),Major Depressive Disorder
fatigue or loss of energy (worse in the morning); psychomotor agitation or retardation (worse in the morning); persistent low mood; diminished ability to think or concentrate (occurs most days); loss of interest or pleasure in activities (worse in the morning),Major Depressive Disorder
sleep-related rituals or behaviors (interferes with work/school); irritability (occurs most days); worry about sleep (interferes with work/school); difficulty initiating sleep (occurs most days),Insomnia Disorder
shortness of breath or palpitations; excessive worry about everyday matters (interferes with work/school); somatic complaints like headaches or stomach aches (worse in the morning); difficulty controlling the worry; being easily fatigued (worse in the morning); sleep disturbance (difficulty falling/staying asleep) (interferes with work/school); muscle tension (interferes with work/school),Generalized Anxiety Disorder
"physical symptoms in social settings (blushing, sweating, tremor); anticipatory anxiety; avoidance of social interactions (worse in the morning); self-consciousness (often present for weeks); avoidant behavior (often present for weeks); difficulty speaking in public (occurs most days)",Social Anxiety Disorder
significant weight/appetite change (interferes with work/school); diminished ability to think or concentrate (interferes with work/school); psychomotor agitation or retardation (often present for weeks); recurrent thoughts of death or suicidal ideation (interferes with work/school); fatigue or loss of energy (worse in the morning); irritability (often present for weeks); insomnia or hypersomnia (interferes with work/school); severity: moderate,Major Depressive Disorder
compulsive drug or alcohol use despite harm (worse in the morning); continued use despite physical or psychological problems (worse in the morning); unsuccessful attempts to cut down (interferes with work/school); risky behaviors (often present for weeks),Substance Use Disorder
difficulty concentrating or mind going blank (interferes with work/school); difficulty controlling the worry (interferes with work/school); irritability (interferes with work/school); restlessness or feeling keyed up (often present for weeks); shortness of breath or palpitations (interferes with work/school); excessive worry about everyday matters; being easily fatigued (often present for weeks),Generalized Anxiety Disorder
time-consuming rituals (occurs most days); impaired daily functioning (occurs most days); symmetry and ordering concerns (worse in the morning); recurrent intrusive thoughts (obsessions) (interferes with work/school); significant distress from obsessions/compulsions,Obsessive-Compulsive Disorder (OCD)
emotional numbness (occurs most days); avoidance of reminders (often present for weeks); hypervigilance; sleep disturbance (interferes with work/school); irritability or angry outbursts,Post-Traumatic Stress Disorder (PTSD)
persistent low mood (interferes with work/school); psychomotor agitation or retardation (often present for weeks); fatigue or loss of energy (often present for weeks); significant weight/appetite change (worse in the morning),Major Depressive Disorder
somatic complaints like headaches or stomach aches (occurs most days); being easily fatigued (interferes with work/school); difficulty concentrating or mind going blank (occurs most days); difficulty controlling the worry; sleep disturbance (difficulty falling/staying asleep) (interferes with work/school),Generalized Anxiety Disorder
fear of losing control or dying (often present for weeks); chest pain or discomfort (interferes with work/school); persistent concern about further attacks (interferes with work/school); tingling or numbness; sudden intense fear or discomfort (often present for weeks),Panic Disorder
feelings of worthlessness or excessive guilt (worse in the morning); psychomotor agitation or retardation (interferes with work/school); persistent low mood (occurs most days); recurrent thoughts of death or suicidal ideation (often present for weeks); fatigue or loss of energy (worse in the morning); diminished ability to think or concentrate (occurs most days),Major Depressive Disorder
"purging behaviours (vomiting, laxative use); binge-eating episodes (worse in the morning); extreme restriction of food intake (occurs most days); physical signs (electrolyte imbalance, dental erosion) (often present for weeks); distorted body image",Eating Disorder (Anorexia/Bulimia/BED)
daytime fatigue or sleepiness (occurs most days); early morning awakening (occurs most days); sleep-related rituals or behaviors; irritability (interferes with work/school); non-restorative sleep,Insomnia Disorder
excessive worry about everyday matters (worse in the morning); muscle tension (interferes with work/school); restlessness or feeling keyed up (occurs most days); difficulty concentrating or mind going blank; being easily fatigued (often present for weeks); sleep disturbance (difficulty falling/staying asleep) (interferes with work/school),Generalized Anxiety Disorder
self-consciousness; anticipatory anxiety; impairment in work/school (occurs most days); marked fear or anxiety about social situations (interferes with work/school); fear of being judged or embarrassed,Social Anxiety Disorder
"panic-like symptoms during exposure (interferes with work/school); impairment in work/school (worse in the morning); avoidance of social interactions (interferes with work/school); physical symptoms in social settings (blushing, sweating, tremor) (occurs most days); difficulty speaking in public; marked fear or anxiety about social situations (occurs most days)",Social Anxiety Disorder
impulsivity; inattention (difficulty sustaining attention) (interferes with work/school); difficulty following instructions; poor organizational skills (often present for weeks); distractibility (worse in the morning),Attention Deficit Hyperactivity Disorder (ADHD)
Adult - time-consuming substance use (worse in the morning); neglected responsibilities; unsuccessful attempts to cut down (occurs most days); tolerance and withdrawal (often present for weeks); cravings (often present for weeks),Substance Use Disorder
difficulty controlling the worry (often present for weeks); sleep disturbance (difficulty falling/staying asleep) (interferes with work/school); excessive worry about everyday matters (worse in the morning); restlessness or feeling keyed up; being easily fatigued; somatic complaints like headaches or stomach aches (interferes with work/school),Generalized Anxiety Disorder
shortness of breath or palpitations; muscle tension (interferes with work/school); somatic complaints like headaches or stomach aches (interferes with work/school); sleep disturbance (difficulty falling/staying asleep) (interferes with work/school); excessive worry about everyday matters,Generalized Anxiety Disorder
irritability (worse in the morning); recurrent thoughts of death or suicidal ideation (worse in the morning); fatigue or loss of energy (occurs most days); insomnia or hypersomnia (interferes with work/school),Major Depressive Disorder
neglected responsibilities (occurs most days); risky behaviors (interferes with work/school); loss of control (interferes with work/school); cravings (interferes with work/school); time-consuming substance use,Substance Use Disorder
distractibility (occurs most days); frequent interruptions (often present for weeks); difficulty waiting turn (worse in the morning); forgetfulness; inattention (difficulty sustaining attention) (worse in the morning),Attention Deficit Hyperactivity Disorder (ADHD)
"inattention (difficulty sustaining attention) (worse in the morning); hyperactivity (fidgeting, restlessness) (often present for weeks); difficulty waiting turn (often present for weeks); poor organizational skills (interferes with work/school); frequent interruptions (often present for weeks); academic or occupational impairment",Attention Deficit Hyperactivity Disorder (ADHD)
shortness of breath or palpitations (occurs most days); difficulty controlling the worry; excessive worry about everyday matters (often present for weeks); muscle tension (occurs most days); sleep disturbance (difficulty falling/staying asleep) (occurs most days),Generalized Anxiety Disorder
persistent low mood (interferes with work/school); loss of interest or pleasure in activities (occurs most days); insomnia or hypersomnia (often present for weeks); diminished ability to think or concentrate (occurs most days); feelings of worthlessness or excessive guilt (occurs most days),Major Depressive Disorder
"impairment in work/school (occurs most days); self-consciousness (often present for weeks); panic-like symptoms during exposure (worse in the morning); physical symptoms in social settings (blushing, sweating, tremor)",Social Anxiety Disorder
"significant distress from obsessions/compulsions (often present for weeks); impaired daily functioning (occurs most days); recurrent intrusive thoughts (obsessions) (often present for weeks); checking, cleaning, counting rituals (often present for weeks); severity: severe",Obsessive-Compulsive Disorder (OCD)
insomnia or hypersomnia; recurrent thoughts of death or suicidal ideation (interferes with work/school); fatigue or loss of energy; persistent low mood (interferes with work/school); irritability,Major Depressive Disorder
sleep-related rituals or behaviors (interferes with work/school); worry about sleep; impaired concentration (often present for weeks); difficulty initiating sleep (interferes with work/school),Insomnia Disorder
restlessness or feeling keyed up (occurs most days); shortness of breath or palpitations (occurs most days); difficulty controlling the worry (often present for weeks); muscle tension (often present for weeks); irritability; somatic complaints like headaches or stomach aches (often present for weeks),Generalized Anxiety Disorder
diminished ability to think or concentrate (occurs most days); irritability (often present for weeks); recurrent thoughts of death or suicidal ideation (interferes with work/school); fatigue or loss of energy; psychomotor agitation or retardation (interferes with work/school); feelings of worthlessness or excessive guilt (interferes with work/school); significant weight/appetite change (occurs most days); severity: moderate,Major Depressive Disorder
loss of interest or pleasure in activities; irritability (interferes with work/school); feelings of worthlessness or excessive guilt (worse in the morning); insomnia or hypersomnia (often present for weeks); psychomotor agitation or retardation (occurs most days); fatigue or loss of energy (worse in the morning),Major Depressive Disorder
cravings (worse in the morning); unsuccessful attempts to cut down (worse in the morning); tolerance and withdrawal (worse in the morning); compulsive drug or alcohol use despite harm (often present for weeks); time-consuming substance use (occurs most days); neglected responsibilities (occurs most days); continued use despite physical or psychological problems (occurs most days),Substance Use Disorder
difficulty speaking in public (occurs most days); fear of being judged or embarrassed (worse in the morning); impairment in work/school (often present for weeks); avoidance of social interactions (occurs most days),Social Anxiety Disorder
irritability (interferes with work/school); early morning awakening (occurs most days); difficulty maintaining sleep (often present for weeks); reduced daytime functioning (worse in the morning); daytime fatigue or sleepiness; severity: moderate,Insomnia Disorder
somatic complaints like headaches or stomach aches; difficulty concentrating or mind going blank (worse in the morning); shortness of breath or palpitations (worse in the morning); restlessness or feeling keyed up (worse in the morning); irritability; excessive worry about everyday matters (occurs most days); being easily fatigued (worse in the morning),Generalized Anxiety Disorder
"purging behaviours (vomiting, laxative use) (interferes with work/school); secretive eating (worse in the morning); extreme restriction of food intake (occurs most days); distorted body image (interferes with work/school); physical signs (electrolyte imbalance, dental erosion) (often present for weeks); binge-eating episodes (worse in the morning)",Eating Disorder (Anorexia/Bulimia/BED)
feelings of worthlessness (worse in the morning); thoughts of harming self or baby (often present for weeks); fatigue (occurs most days); excessive worry about the baby; loss of interest in activities (interferes with work/school),Postpartum Depression
Adult - reduced emotional expression (occurs most days); hallucinations (auditory/visual); grossly disorganized or catatonic behavior (interferes with work/school); thought disorder; impaired occupational or social functioning (interferes with work/school),Schizophrenia
tolerance and withdrawal (often present for weeks); time-consuming substance use (interferes with work/school); compulsive drug or alcohol use despite harm (interferes with work/school); unsuccessful attempts to cut down (worse in the morning); neglected responsibilities,Substance Use Disorder
Adolescent - avoidance related to obsessions; significant distress from obsessions/compulsions (often present for weeks); symmetry and ordering concerns (interferes with work/school); recurrent intrusive thoughts (obsessions) (worse in the morning),Obsessive-Compulsive Disorder (OCD)
"Older adult - inattention (difficulty sustaining attention) (interferes with work/school); impulsivity (often present for weeks); forgetfulness; hyperactivity (fidgeting, restlessness) (worse in the morning)",Attention Deficit Hyperactivity Disorder (ADHD)
difficulty initiating sleep (often present for weeks); impaired concentration; difficulty maintaining sleep (worse in the morning); early morning awakening (occurs most days),Insomnia Disorder
loss of control (interferes with work/school); tolerance and withdrawal; unsuccessful attempts to cut down (occurs most days); compulsive drug or alcohol use despite harm (often present for weeks); social or interpersonal problems,Substance Use Disorder
significant distress from obsessions/compulsions; avoidance related to obsessions (occurs most days); recognition that thoughts are excessive (insight varies) (occurs most days); impaired daily functioning,Obsessive-Compulsive Disorder (OCD)
worry about sleep (interferes with work/school); impaired concentration; daytime fatigue or sleepiness (interferes with work/school); irritability (worse in the morning); difficulty initiating sleep (often present for weeks),Insomnia Disorder
disorganized speech (worse in the morning); impaired occupational or social functioning (interferes with work/school); cognitive difficulties (occurs most days); grossly disorganized or catatonic behavior; delusions; thought disorder (interferes with work/school),Schizophrenia
diminished ability to think or concentrate (occurs most days); persistent low mood (occurs most days); significant weight/appetite change (interferes with work/school); recurrent thoughts of death or suicidal ideation (worse in the morning); loss of interest or pleasure in activities,Major Depressive Disorder
